model,question_id,dataset,aggregate_rate,Q1_hardest_rate,Q2_rate,Q3_rate,Q4_easiest_rate,hardest_tier,degraded,n_items,gap
Qwen/Qwen2.5-14B-Instruct,essay_set_1,asap_sas,0.9558,0.8637602179836512,0.993103448275862,1.0,,silver,True,1176,
Qwen/Qwen2.5-14B-Instruct,essay_set_10,asap_sas,0.9518,0.8282208588957055,1.0,,,silver,True,1163,
Qwen/Qwen2.5-14B-Instruct,essay_set_2,asap_sas,0.9416,0.7831858407079646,0.9938650306748467,,1.0,bronze,True,890,0.2168141592920354
Qwen/Qwen2.5-14B-Instruct,essay_set_3,asap_sas,0.927,0.9270199826238054,,,,gold,False,1151,
Qwen/Qwen2.5-14B-Instruct,essay_set_4,asap_sas,0.9935,0.9935125115848007,,,,gold,False,1079,
Qwen/Qwen2.5-14B-Instruct,essay_set_5,asap_sas,0.9978,0.9978401727861771,,,,gold,False,1389,
Qwen/Qwen2.5-14B-Instruct,essay_set_6,asap_sas,0.9704,0.970354302241504,,,,gold,False,1383,
Qwen/Qwen2.5-14B-Instruct,essay_set_8,asap_sas,0.9369,0.8765822784810127,,1.0,,silver,True,1236,
Qwen/Qwen2.5-14B-Instruct,essay_set_9,asap_sas,0.9802,0.9801553062985332,,,,gold,False,1159,
Qwen/Qwen2.5-32B-Instruct,essay_set_1,asap_sas,0.9532,0.8501362397820164,1.0,1.0,,silver,True,1176,
Qwen/Qwen2.5-32B-Instruct,essay_set_10,asap_sas,0.988,0.9570552147239264,1.0,,,gold,False,1163,
Qwen/Qwen2.5-32B-Instruct,essay_set_2,asap_sas,0.9483,0.8008849557522124,0.9979550102249489,,1.0,silver,True,890,0.1991150442477876
Qwen/Qwen2.5-32B-Instruct,essay_set_3,asap_sas,0.9566,0.9565595134665508,,,,gold,False,1151,
Qwen/Qwen2.5-32B-Instruct,essay_set_4,asap_sas,0.9981,0.9981464318813716,,,,gold,False,1079,
Qwen/Qwen2.5-32B-Instruct,essay_set_5,asap_sas,1.0,1.0,,,,gold,False,1389,
Qwen/Qwen2.5-32B-Instruct,essay_set_6,asap_sas,0.9588,0.9587852494577006,,,,gold,False,1383,
Qwen/Qwen2.5-32B-Instruct,essay_set_7,asap_sas,0.8894,0.5761772853185596,1.0,,,reject,True,1383,
Qwen/Qwen2.5-32B-Instruct,essay_set_8,asap_sas,0.966,0.9335443037974683,,1.0,,gold,False,1236,
Qwen/Qwen2.5-32B-Instruct,essay_set_9,asap_sas,0.9957,0.9956859361518551,,,,gold,False,1159,
Qwen/Qwen2.5-72B-Instruct-AWQ,essay_set_1,asap_sas,0.9107,0.7138964577656676,1.0,1.0,,bronze,True,1176,
Qwen/Qwen2.5-72B-Instruct-AWQ,essay_set_10,asap_sas,0.9725,0.901840490797546,1.0,,,gold,False,1163,
Qwen/Qwen2.5-72B-Instruct-AWQ,essay_set_2,asap_sas,0.9337,0.7389380530973452,1.0,,1.0,bronze,True,890,0.26106194690265483
Qwen/Qwen2.5-72B-Instruct-AWQ,essay_set_3,asap_sas,0.987,0.9869678540399652,,,,gold,False,1151,
Qwen/Qwen2.5-72B-Instruct-AWQ,essay_set_4,asap_sas,1.0,1.0,,,,gold,False,1079,
Qwen/Qwen2.5-72B-Instruct-AWQ,essay_set_5,asap_sas,0.9978,0.9978401727861771,,,,gold,False,1389,
Qwen/Qwen2.5-72B-Instruct-AWQ,essay_set_6,asap_sas,0.9826,0.982646420824295,,,,gold,False,1383,
Qwen/Qwen2.5-72B-Instruct-AWQ,essay_set_8,asap_sas,0.9587,0.9193037974683544,,1.0,,gold,False,1236,
Qwen/Qwen2.5-72B-Instruct-AWQ,essay_set_9,asap_sas,0.994,0.993960310612597,,,,gold,False,1159,
Qwen/Qwen2.5-7B-Instruct,essay_set_1,asap_sas,0.9014,0.7111716621253406,0.9655172413793104,1.0,,bronze,True,1176,
Qwen/Qwen2.5-7B-Instruct,essay_set_10,asap_sas,0.9802,0.9294478527607362,1.0,,,gold,False,1163,
Qwen/Qwen2.5-7B-Instruct,essay_set_2,asap_sas,0.8427,0.6283185840707964,0.885480572597137,,1.0,reject,True,890,0.37168141592920356
Qwen/Qwen2.5-7B-Instruct,essay_set_3,asap_sas,0.9948,0.9947871416159861,,,,gold,False,1151,
Qwen/Qwen2.5-7B-Instruct,essay_set_4,asap_sas,0.9963,0.9962928637627433,,,,gold,False,1079,
Qwen/Qwen2.5-7B-Instruct,essay_set_5,asap_sas,0.9964,0.9964002879769619,,,,gold,False,1389,
Qwen/Qwen2.5-7B-Instruct,essay_set_6,asap_sas,0.9747,0.9746926970354303,,,,gold,False,1383,
Qwen/Qwen2.5-7B-Instruct,essay_set_7,asap_sas,0.8988,0.7119113573407202,0.9647749510763209,,,bronze,True,1383,
Qwen/Qwen2.5-7B-Instruct,essay_set_8,asap_sas,0.9458,0.8939873417721519,,1.0,,silver,True,1236,
Qwen/Qwen2.5-7B-Instruct,essay_set_9,asap_sas,0.9802,0.9801553062985332,,,,gold,False,1159,
Qwen/Qwen3-14B,essay_set_1,asap_sas,0.9507,0.8419618528610354,1.0,1.0,,silver,True,1176,
Qwen/Qwen3-14B,essay_set_10,asap_sas,0.9613,0.8619631901840491,1.0,,,silver,True,1163,
Qwen/Qwen3-14B,essay_set_2,asap_sas,0.9472,0.7920353982300885,1.0,,1.0,bronze,True,890,0.2079646017699115
Qwen/Qwen3-14B,essay_set_3,asap_sas,0.9392,0.9391833188531712,,,,gold,False,1151,
Qwen/Qwen3-14B,essay_set_4,asap_sas,0.9787,0.9786839666357738,,,,gold,False,1079,
Qwen/Qwen3-14B,essay_set_5,asap_sas,0.9316,0.931605471562275,,,,gold,False,1389,
Qwen/Qwen3-14B,essay_set_6,asap_sas,0.9262,0.9262472885032538,,,,gold,False,1383,
Qwen/Qwen3-14B,essay_set_9,asap_sas,0.9698,0.9698015530629853,,,,gold,False,1159,
Qwen/Qwen3-32B,essay_set_1,asap_sas,0.9473,0.8310626702997275,1.0,1.0,,silver,True,1176,
Qwen/Qwen3-32B,essay_set_10,asap_sas,0.9407,0.7883435582822086,1.0,,,bronze,True,1163,
Qwen/Qwen3-32B,essay_set_2,asap_sas,0.9449,0.7964601769911505,0.9938650306748467,,1.0,bronze,True,890,0.20353982300884954
Qwen/Qwen3-32B,essay_set_3,asap_sas,0.9878,0.9878366637706343,,,,gold,False,1151,
Qwen/Qwen3-32B,essay_set_4,asap_sas,0.9991,0.9990732159406858,,,,gold,False,1079,
Qwen/Qwen3-32B,essay_set_5,asap_sas,0.964,0.9640028797696184,,,,gold,False,1389,
Qwen/Qwen3-32B,essay_set_6,asap_sas,0.9328,0.9327548806941431,,,,gold,False,1383,
Qwen/Qwen3-32B,essay_set_8,asap_sas,0.9644,0.930379746835443,,1.0,,gold,False,1236,
Qwen/Qwen3-32B,essay_set_9,asap_sas,0.9983,0.998274374460742,,,,gold,False,1159,
Qwen/Qwen3-8B,essay_set_10,asap_sas,0.9218,0.7208588957055214,1.0,,,bronze,True,1163,
Qwen/Qwen3-8B,essay_set_4,asap_sas,0.9722,0.9721964782205746,,,,gold,False,1079,
Qwen/Qwen3-8B,essay_set_5,asap_sas,0.9942,0.994240460763139,,,,gold,False,1389,
Qwen/Qwen3-8B,essay_set_6,asap_sas,0.9595,0.9595083152566883,,,,gold,False,1383,
Qwen/Qwen3-8B,essay_set_7,asap_sas,0.8735,0.5346260387811634,0.9931506849315068,,,reject,True,1383,
Qwen/Qwen3-8B,essay_set_8,asap_sas,0.8867,0.7784810126582279,,1.0,,bronze,True,1236,
Qwen/Qwen3-8B,essay_set_9,asap_sas,0.9836,0.9836065573770492,,,,gold,False,1159,
Qwen/Qwen3.5-27B,essay_set_1,asap_sas,0.9116,0.7166212534059946,1.0,1.0,,bronze,True,1176,
Qwen/Qwen3.5-27B,essay_set_10,asap_sas,0.9785,0.9233128834355828,1.0,,,gold,False,1163,
Qwen/Qwen3.5-27B,essay_set_2,asap_sas,0.9798,0.9203539823008849,1.0,,1.0,gold,False,890,0.07964601769911506
Qwen/Qwen3.5-27B,essay_set_3,asap_sas,0.9748,0.9748045178105995,,,,gold,False,1151,
Qwen/Qwen3.5-27B,essay_set_4,asap_sas,0.9963,0.9962928637627433,,,,gold,False,1079,
Qwen/Qwen3.5-27B,essay_set_5,asap_sas,0.9986,0.9985601151907847,,,,gold,False,1389,
Qwen/Qwen3.5-27B,essay_set_6,asap_sas,0.9819,0.9819233550253073,,,,gold,False,1383,
Qwen/Qwen3.5-27B,essay_set_7,asap_sas,0.9299,0.7313019390581718,1.0,,,bronze,True,1383,
Qwen/Qwen3.5-27B,essay_set_8,asap_sas,0.9806,0.9620253164556962,,1.0,,gold,False,1236,
Qwen/Qwen3.5-27B,essay_set_9,asap_sas,0.9974,0.997411561691113,,,,gold,False,1159,
Qwen/Qwen3.5-35B-A3B,essay_set_1,asap_sas,0.9634,0.885558583106267,0.996551724137931,1.0,,silver,True,1176,
Qwen/Qwen3.5-35B-A3B,essay_set_10,asap_sas,0.9656,0.8773006134969326,1.0,,,silver,True,1163,
Qwen/Qwen3.5-35B-A3B,essay_set_2,asap_sas,0.9438,0.8008849557522124,0.9897750511247444,,1.0,silver,True,890,0.1991150442477876
Qwen/Qwen3.5-35B-A3B,essay_set_3,asap_sas,0.9818,0.9817549956559514,,,,gold,False,1151,
Qwen/Qwen3.5-35B-A3B,essay_set_4,asap_sas,0.9963,0.9962928637627433,,,,gold,False,1079,
Qwen/Qwen3.5-35B-A3B,essay_set_5,asap_sas,0.9971,0.9971202303815695,,,,gold,False,1389,
Qwen/Qwen3.5-35B-A3B,essay_set_6,asap_sas,0.9595,0.9595083152566883,,,,gold,False,1383,
Qwen/Qwen3.5-35B-A3B,essay_set_7,asap_sas,0.9385,0.7728531855955678,0.99706457925636,,,bronze,True,1383,
Qwen/Qwen3.5-35B-A3B,essay_set_8,asap_sas,0.9814,0.9636075949367089,,1.0,,gold,False,1236,
Qwen/Qwen3.5-35B-A3B,essay_set_9,asap_sas,0.9931,0.9930974978429681,,,,gold,False,1159,
Qwen/Qwen3.5-4B,essay_set_1,asap_sas,0.9014,0.6948228882833788,0.9862068965517241,1.0,,reject,True,1176,
Qwen/Qwen3.5-4B,essay_set_10,asap_sas,0.9768,0.9171779141104295,1.0,,,gold,False,1163,
Qwen/Qwen3.5-4B,essay_set_2,asap_sas,0.8607,0.5221238938053098,0.967280163599182,,1.0,reject,True,890,0.47787610619469023
Qwen/Qwen3.5-4B,essay_set_3,asap_sas,0.947,0.947002606429192,,,,gold,False,1151,
Qwen/Qwen3.5-4B,essay_set_4,asap_sas,0.9444,0.9443929564411492,,,,gold,False,1079,
Qwen/Qwen3.5-4B,essay_set_5,asap_sas,0.9971,0.9971202303815695,,,,gold,False,1389,
Qwen/Qwen3.5-4B,essay_set_6,asap_sas,0.9653,0.96529284164859,,,,gold,False,1383,
Qwen/Qwen3.5-4B,essay_set_7,asap_sas,0.9573,0.8448753462603878,0.99706457925636,,,silver,True,1383,
Qwen/Qwen3.5-4B,essay_set_8,asap_sas,0.9749,0.9509493670886076,,1.0,,gold,False,1236,
Qwen/Qwen3.5-4B,essay_set_9,asap_sas,0.9896,0.9896462467644521,,,,gold,False,1159,
Qwen/Qwen3.5-9B,essay_set_1,asap_sas,0.9269,0.771117166212534,0.993103448275862,1.0,,bronze,True,1176,
Qwen/Qwen3.5-9B,essay_set_10,asap_sas,0.9518,0.8282208588957055,1.0,,,silver,True,1163,
Qwen/Qwen3.5-9B,essay_set_2,asap_sas,0.9539,0.8185840707964602,1.0,,1.0,silver,True,890,0.18141592920353977
Qwen/Qwen3.5-9B,essay_set_3,asap_sas,0.8792,0.8792354474370113,,,,silver,True,1151,
Qwen/Qwen3.5-9B,essay_set_4,asap_sas,0.9648,0.9647822057460612,,,,gold,False,1079,
Qwen/Qwen3.5-9B,essay_set_5,asap_sas,0.9942,0.994240460763139,,,,gold,False,1389,
Qwen/Qwen3.5-9B,essay_set_6,asap_sas,0.9689,0.9689081706435285,,,,gold,False,1383,
Qwen/Qwen3.5-9B,essay_set_8,asap_sas,0.9426,0.8876582278481012,,1.0,,silver,True,1236,
Qwen/Qwen3.5-9B,essay_set_9,asap_sas,0.9827,0.9827437446074202,,,,gold,False,1159,
RedHatAI/Llama-4-Scout-17B-16E-Instruct-quantized.w4a16,essay_set_1,asap_sas,0.8793,0.7547683923705722,0.8206896551724138,1.0,,bronze,True,1176,
RedHatAI/Llama-4-Scout-17B-16E-Instruct-quantized.w4a16,essay_set_10,asap_sas,0.9338,0.7638036809815951,1.0,,,bronze,True,1163,
RedHatAI/Llama-4-Scout-17B-16E-Instruct-quantized.w4a16,essay_set_2,asap_sas,0.8742,0.6460176991150443,0.934560327198364,,1.0,reject,True,890,0.35398230088495575
RedHatAI/Llama-4-Scout-17B-16E-Instruct-quantized.w4a16,essay_set_3,asap_sas,0.874,0.8740225890529973,,,,silver,True,1151,
RedHatAI/Llama-4-Scout-17B-16E-Instruct-quantized.w4a16,essay_set_4,asap_sas,0.988,0.9879518072289156,,,,gold,False,1079,
RedHatAI/Llama-4-Scout-17B-16E-Instruct-quantized.w4a16,essay_set_5,asap_sas,0.9964,0.9964002879769619,,,,gold,False,1389,
RedHatAI/Llama-4-Scout-17B-16E-Instruct-quantized.w4a16,essay_set_6,asap_sas,0.9494,0.9493853940708604,,,,gold,False,1383,
RedHatAI/Llama-4-Scout-17B-16E-Instruct-quantized.w4a16,essay_set_9,asap_sas,0.9301,0.9301121656600517,,,,gold,False,1159,
deepseek-ai/DeepSeek-V2-Lite-Chat,essay_set_10,asap_sas,0.92,0.7147239263803681,1.0,,,bronze,True,1163,
deepseek-ai/DeepSeek-V2-Lite-Chat,essay_set_3,asap_sas,0.98,0.9800173761946134,,,,gold,False,1151,
deepseek-ai/DeepSeek-V2-Lite-Chat,essay_set_4,asap_sas,0.9917,0.9916589434661723,,,,gold,False,1079,
deepseek-ai/DeepSeek-V2-Lite-Chat,essay_set_5,asap_sas,0.9654,0.9654427645788337,,,,gold,False,1389,
deepseek-ai/DeepSeek-V2-Lite-Chat,essay_set_6,asap_sas,0.9436,0.9436008676789588,,,,gold,False,1383,
deepseek-ai/DeepSeek-V2-Lite-Chat,essay_set_7,asap_sas,0.9523,0.9861495844875346,0.9403131115459883,,,gold,False,1383,
deepseek-ai/DeepSeek-V2-Lite-Chat,essay_set_9,asap_sas,0.9905,0.9905090595340811,,,,gold,False,1159,
google/gemma-3-27b-it,essay_set_1,asap_sas,0.9481,0.8337874659400545,1.0,1.0,,silver,True,1176,
google/gemma-3-27b-it,essay_set_10,asap_sas,0.9983,0.9938650306748467,1.0,,,gold,False,1163,
google/gemma-3-27b-it,essay_set_2,asap_sas,0.9539,0.8185840707964602,1.0,,1.0,silver,True,890,0.18141592920353977
google/gemma-3-27b-it,essay_set_3,asap_sas,0.9739,0.9739357080799305,,,,gold,False,1151,
google/gemma-3-27b-it,essay_set_4,asap_sas,1.0,1.0,,,,gold,False,1079,
google/gemma-3-27b-it,essay_set_5,asap_sas,0.9906,0.9906407487401008,,,,gold,False,1389,
google/gemma-3-27b-it,essay_set_6,asap_sas,0.9494,0.9493853940708604,,,,gold,False,1383,
google/gemma-3-27b-it,essay_set_8,asap_sas,0.9862,0.9731012658227848,,1.0,,gold,False,1236,
google/gemma-3-27b-it,essay_set_9,asap_sas,0.9991,0.999137187230371,,,,gold,False,1159,
google/gemma-4-26B-A4B-it,essay_set_1,asap_sas,0.926,0.7629427792915532,1.0,1.0,,bronze,True,1176,
google/gemma-4-26B-A4B-it,essay_set_10,asap_sas,0.9914,0.9693251533742331,1.0,,,gold,False,1163,
google/gemma-4-26B-A4B-it,essay_set_2,asap_sas,0.9461,0.7920353982300885,0.9979550102249489,,1.0,bronze,True,890,0.2079646017699115
google/gemma-4-26B-A4B-it,essay_set_3,asap_sas,0.9731,0.9730668983492615,,,,gold,False,1151,
google/gemma-4-26B-A4B-it,essay_set_4,asap_sas,0.9954,0.995366079703429,,,,gold,False,1079,
google/gemma-4-26B-A4B-it,essay_set_5,asap_sas,0.9964,0.9964002879769619,,,,gold,False,1389,
google/gemma-4-26B-A4B-it,essay_set_6,asap_sas,0.9704,0.970354302241504,,,,gold,False,1383,
google/gemma-4-26B-A4B-it,essay_set_7,asap_sas,0.9096,0.6592797783933518,0.9980430528375733,,,reject,True,1383,
google/gemma-4-26B-A4B-it,essay_set_8,asap_sas,0.9887,0.9778481012658228,,1.0,,gold,False,1236,
google/gemma-4-26B-A4B-it,essay_set_9,asap_sas,0.9983,0.998274374460742,,,,gold,False,1159,
google/gemma-4-31B-it,essay_set_1,asap_sas,0.9473,0.8337874659400545,0.996551724137931,1.0,,silver,True,1176,
google/gemma-4-31B-it,essay_set_10,asap_sas,0.9905,0.9662576687116564,1.0,,,gold,False,1163,
google/gemma-4-31B-it,essay_set_2,asap_sas,0.9652,0.8672566371681416,0.9979550102249489,,1.0,silver,True,890,0.1327433628318584
google/gemma-4-31B-it,essay_set_3,asap_sas,0.9783,0.9782797567332754,,,,gold,False,1151,
google/gemma-4-31B-it,essay_set_4,asap_sas,0.9926,0.9925857275254866,,,,gold,False,1079,
google/gemma-4-31B-it,essay_set_5,asap_sas,0.995,0.9949604031677466,,,,gold,False,1389,
google/gemma-4-31B-it,essay_set_6,asap_sas,0.9834,0.9833694866232827,,,,gold,False,1383,
google/gemma-4-31B-it,essay_set_7,asap_sas,0.9002,0.631578947368421,0.9951076320939335,,,reject,True,1383,
google/gemma-4-31B-it,essay_set_8,asap_sas,0.9895,0.9794303797468354,,1.0,,gold,False,1236,
google/gemma-4-31B-it,essay_set_9,asap_sas,0.9948,0.994823123382226,,,,gold,False,1159,
google/gemma-4-E2B-it,essay_set_1,asap_sas,0.9464,0.8337874659400545,0.993103448275862,1.0,,silver,True,1176,
google/gemma-4-E2B-it,essay_set_10,asap_sas,0.994,0.9785276073619632,1.0,,,gold,False,1163,
google/gemma-4-E2B-it,essay_set_2,asap_sas,0.8787,0.588495575221239,0.9693251533742331,,1.0,reject,True,890,0.41150442477876104
google/gemma-4-E2B-it,essay_set_3,asap_sas,0.9957,0.9956559513466551,,,,gold,False,1151,
google/gemma-4-E2B-it,essay_set_4,asap_sas,0.9972,0.9972196478220574,,,,gold,False,1079,
google/gemma-4-E2B-it,essay_set_5,asap_sas,0.9921,0.9920806335493161,,,,gold,False,1389,
google/gemma-4-E2B-it,essay_set_6,asap_sas,0.9675,0.9674620390455532,,,,gold,False,1383,
google/gemma-4-E2B-it,essay_set_7,asap_sas,0.9096,0.6731301939058172,0.9931506849315068,,,reject,True,1383,
google/gemma-4-E2B-it,essay_set_8,asap_sas,0.9862,0.9731012658227848,,1.0,,gold,False,1236,
google/gemma-4-E2B-it,essay_set_9,asap_sas,0.9983,0.998274374460742,,,,gold,False,1159,
google/gemma-4-E4B-it,essay_set_1,asap_sas,0.8895,0.6512261580381471,0.993103448275862,1.0,,reject,True,1176,
google/gemma-4-E4B-it,essay_set_10,asap_sas,0.9854,0.9478527607361963,1.0,,,gold,False,1163,
google/gemma-4-E4B-it,essay_set_2,asap_sas,0.9461,0.8141592920353983,0.9877300613496932,,1.0,silver,True,890,0.18584070796460173
google/gemma-4-E4B-it,essay_set_3,asap_sas,0.9479,0.947871416159861,,,,gold,False,1151,
google/gemma-4-E4B-it,essay_set_4,asap_sas,0.988,0.9879518072289156,,,,gold,False,1079,
google/gemma-4-E4B-it,essay_set_5,asap_sas,0.9964,0.9964002879769619,,,,gold,False,1389,
google/gemma-4-E4B-it,essay_set_6,asap_sas,0.9472,0.9472161966738973,,,,gold,False,1383,
google/gemma-4-E4B-it,essay_set_8,asap_sas,0.9256,0.8544303797468354,,1.0,,silver,True,1236,
google/gemma-4-E4B-it,essay_set_9,asap_sas,0.9845,0.9844693701466781,,,,gold,False,1159,
internlm/internlm2_5-20b-chat,essay_set_10,asap_sas,0.9097,0.6779141104294478,1.0,,,reject,True,1163,
internlm/internlm2_5-20b-chat,essay_set_2,asap_sas,0.9079,0.6637168141592921,0.9877300613496932,,1.0,reject,True,890,0.33628318584070793
internlm/internlm2_5-20b-chat,essay_set_3,asap_sas,0.8914,0.891398783666377,,,,silver,True,1151,
internlm/internlm2_5-20b-chat,essay_set_4,asap_sas,0.9889,0.9888785912882299,,,,gold,False,1079,
internlm/internlm2_5-20b-chat,essay_set_5,asap_sas,0.9366,0.9366450683945284,,,,gold,False,1389,
internlm/internlm2_5-20b-chat,essay_set_6,asap_sas,0.8886,0.888647866955893,,,,silver,True,1383,
internlm/internlm2_5-20b-chat,essay_set_8,asap_sas,0.8722,0.75,,1.0,,bronze,True,1236,
internlm/internlm2_5-20b-chat,essay_set_9,asap_sas,0.962,0.9620362381363244,,,,gold,False,1159,
microsoft/phi-4,essay_set_1,asap_sas,0.8963,0.6839237057220708,0.9793103448275862,1.0,,reject,True,1176,
microsoft/phi-4,essay_set_10,asap_sas,0.9398,0.7852760736196319,1.0,,,bronze,True,1163,
microsoft/phi-4,essay_set_2,asap_sas,0.9067,0.7035398230088495,0.967280163599182,,1.0,bronze,True,890,0.29646017699115046
microsoft/phi-4,essay_set_5,asap_sas,0.995,0.9949604031677466,,,,gold,False,1389,
microsoft/phi-4,essay_set_6,asap_sas,0.9544,0.9544468546637744,,,,gold,False,1383,
microsoft/phi-4,essay_set_9,asap_sas,0.8637,0.8636755823986195,,,,silver,True,1159,
mistralai/Mistral-Small-24B-Instruct-2501,essay_set_1,asap_sas,0.9651,0.8910081743869209,0.996551724137931,1.0,,silver,True,1176,
mistralai/Mistral-Small-24B-Instruct-2501,essay_set_10,asap_sas,0.9991,0.9969325153374233,1.0,,,gold,False,1163,
mistralai/Mistral-Small-24B-Instruct-2501,essay_set_2,asap_sas,0.9506,0.8053097345132744,1.0,,1.0,silver,True,890,0.19469026548672563
mistralai/Mistral-Small-24B-Instruct-2501,essay_set_3,asap_sas,0.9896,0.9895742832319722,,,,gold,False,1151,
mistralai/Mistral-Small-24B-Instruct-2501,essay_set_4,asap_sas,0.9981,0.9981464318813716,,,,gold,False,1079,
mistralai/Mistral-Small-24B-Instruct-2501,essay_set_5,asap_sas,0.9878,0.9877609791216703,,,,gold,False,1389,
mistralai/Mistral-Small-24B-Instruct-2501,essay_set_6,asap_sas,0.9899,0.9898770788141721,,,,gold,False,1383,
mistralai/Mistral-Small-24B-Instruct-2501,essay_set_7,asap_sas,0.9501,0.8254847645429363,0.9941291585127201,,,silver,True,1383,
mistralai/Mistral-Small-24B-Instruct-2501,essay_set_8,asap_sas,0.9943,0.9889240506329114,,1.0,,gold,False,1236,
mistralai/Mistral-Small-24B-Instruct-2501,essay_set_9,asap_sas,0.9974,0.997411561691113,,,,gold,False,1159,
Qwen/Qwen2.5-14B-Instruct,4d3fef6bfa66400d,mohler,0.9667,0.9411764705882353,,1.0,,gold,False,30,
Qwen/Qwen2.5-14B-Instruct,70ec4054bb7d1122,mohler,0.963,0.9,1.0,,,gold,False,27,
Qwen/Qwen2.5-32B-Instruct,12a8db106cac744f,mohler,0.9615,0.875,1.0,1.0,1.0,silver,True,26,0.125
Qwen/Qwen2.5-32B-Instruct,1c3a12552fbf25bd,mohler,1.0,1.0,1.0,1.0,1.0,gold,False,29,0.0
Qwen/Qwen2.5-32B-Instruct,1ed353a72ef2a4f8,mohler,0.8966,0.9,1.0,0.75,1.0,gold,False,29,0.09999999999999998
Qwen/Qwen2.5-32B-Instruct,1f2dcc9aa70c85d0,mohler,1.0,1.0,1.0,1.0,1.0,gold,False,27,0.0
Qwen/Qwen2.5-32B-Instruct,1fcd40f40472d1fe,mohler,0.9667,0.875,1.0,1.0,1.0,silver,True,30,0.125
Qwen/Qwen2.5-32B-Instruct,330c9e050d1cf143,mohler,0.9615,0.8888888888888888,1.0,1.0,1.0,silver,True,26,0.11111111111111116
Qwen/Qwen2.5-32B-Instruct,35ca3259034ea7d2,mohler,0.9231,0.8,1.0,1.0,1.0,silver,True,26,0.19999999999999996
Qwen/Qwen2.5-32B-Instruct,3bb8265858f79804,mohler,0.9167,0.6666666666666666,1.0,1.0,1.0,reject,True,24,0.33333333333333337
Qwen/Qwen2.5-32B-Instruct,4a88ef16cda273bd,mohler,0.875,0.5,1.0,1.0,1.0,reject,True,24,0.5
Qwen/Qwen2.5-32B-Instruct,4d3fef6bfa66400d,mohler,1.0,1.0,,1.0,,gold,False,30,
Qwen/Qwen2.5-32B-Instruct,51f7dbe67c51f4a7,mohler,0.8846,0.6666666666666666,1.0,1.0,1.0,reject,True,26,0.33333333333333337
Qwen/Qwen2.5-32B-Instruct,552c6e9282a6a03e,mohler,0.9259,0.75,1.0,1.0,1.0,bronze,True,27,0.25
Qwen/Qwen2.5-32B-Instruct,70ec4054bb7d1122,mohler,1.0,1.0,1.0,,,gold,False,27,
Qwen/Qwen2.5-32B-Instruct,77ccbf816d233fe0,mohler,0.963,0.8571428571428571,1.0,1.0,1.0,silver,True,27,0.1428571428571429
Qwen/Qwen2.5-32B-Instruct,77d4c50016bebaab,mohler,0.9,0.6666666666666666,1.0,1.0,1.0,reject,True,30,0.33333333333333337
Qwen/Qwen2.5-32B-Instruct,8538fac0e49f5b07,mohler,0.9333,0.8181818181818182,1.0,1.0,1.0,silver,True,30,0.18181818181818177
Qwen/Qwen2.5-32B-Instruct,8563d407e24f8da9,mohler,0.9032,0.75,0.875,1.0,1.0,bronze,True,31,0.25
Qwen/Qwen2.5-32B-Instruct,8a27032681c10a64,mohler,1.0,1.0,1.0,1.0,1.0,gold,False,30,0.0
Qwen/Qwen2.5-32B-Instruct,8e345bcfe0086f24,mohler,1.0,1.0,1.0,1.0,,gold,False,28,
Qwen/Qwen2.5-32B-Instruct,97b1d92e35ff895f,mohler,0.9655,0.9,1.0,1.0,1.0,gold,False,29,0.09999999999999998
Qwen/Qwen2.5-32B-Instruct,9e874db9ec0697c5,mohler,0.9615,0.8888888888888888,1.0,1.0,1.0,silver,True,26,0.11111111111111116
Qwen/Qwen2.5-32B-Instruct,a128ce1006644347,mohler,0.9583,0.8571428571428571,1.0,1.0,1.0,silver,True,24,0.1428571428571429
Qwen/Qwen2.5-32B-Instruct,a87634946e70966c,mohler,0.931,0.8,1.0,1.0,1.0,silver,True,29,0.19999999999999996
Qwen/Qwen2.5-32B-Instruct,ada2822620634947,mohler,0.9615,0.875,1.0,1.0,1.0,silver,True,26,0.125
Qwen/Qwen2.5-32B-Instruct,ae3ab69d91fefd46,mohler,0.8846,0.7,1.0,1.0,1.0,bronze,True,26,0.30000000000000004
Qwen/Qwen2.5-32B-Instruct,d3ee084a72db4565,mohler,1.0,1.0,1.0,1.0,,gold,False,28,
Qwen/Qwen2.5-32B-Instruct,d7a31d1b5701c7fe,mohler,0.9032,0.8,1.0,0.8333333333333334,1.0,silver,True,31,0.19999999999999996
Qwen/Qwen2.5-32B-Instruct,dd0a22d4dbff5b4a,mohler,0.8966,0.7,1.0,1.0,1.0,bronze,True,29,0.30000000000000004
Qwen/Qwen2.5-32B-Instruct,df1f6a0071684e79,mohler,0.9,0.625,1.0,1.0,1.0,reject,True,30,0.375
Qwen/Qwen2.5-32B-Instruct,e16a2d9107f1fcea,mohler,0.9032,0.6666666666666666,1.0,1.0,1.0,reject,True,31,0.33333333333333337
Qwen/Qwen2.5-32B-Instruct,e65ed48341cc5df1,mohler,0.9583,0.8333333333333334,1.0,1.0,1.0,silver,True,24,0.16666666666666663
Qwen/Qwen2.5-72B-Instruct-AWQ,12a8db106cac744f,mohler,0.9615,0.875,1.0,1.0,1.0,silver,True,26,0.125
Qwen/Qwen2.5-72B-Instruct-AWQ,1c3a12552fbf25bd,mohler,0.8966,0.625,1.0,1.0,1.0,reject,True,29,0.375
Qwen/Qwen2.5-72B-Instruct-AWQ,1f2dcc9aa70c85d0,mohler,0.9259,0.8181818181818182,1.0,1.0,1.0,silver,True,27,0.18181818181818177
Qwen/Qwen2.5-72B-Instruct-AWQ,330c9e050d1cf143,mohler,0.9231,0.7777777777777778,1.0,1.0,1.0,bronze,True,26,0.2222222222222222
Qwen/Qwen2.5-72B-Instruct-AWQ,35ca3259034ea7d2,mohler,0.9615,0.9,1.0,1.0,1.0,gold,False,26,0.09999999999999998
Qwen/Qwen2.5-72B-Instruct-AWQ,3bb8265858f79804,mohler,0.875,0.5,1.0,1.0,1.0,reject,True,24,0.5
Qwen/Qwen2.5-72B-Instruct-AWQ,4d3fef6bfa66400d,mohler,1.0,1.0,,1.0,,gold,False,30,
Qwen/Qwen2.5-72B-Instruct-AWQ,70ec4054bb7d1122,mohler,1.0,1.0,1.0,,,gold,False,27,
Qwen/Qwen2.5-72B-Instruct-AWQ,77ccbf816d233fe0,mohler,0.8889,0.5714285714285714,1.0,1.0,1.0,reject,True,27,0.4285714285714286
Qwen/Qwen2.5-72B-Instruct-AWQ,8e1b8cf22bc75a58,mohler,0.8929,0.5714285714285714,1.0,1.0,1.0,reject,True,28,0.4285714285714286
Qwen/Qwen2.5-72B-Instruct-AWQ,98d6f84c43f7b74b,mohler,0.9231,0.75,1.0,1.0,1.0,bronze,True,26,0.25
Qwen/Qwen2.5-72B-Instruct-AWQ,e16a2d9107f1fcea,mohler,0.871,0.5555555555555556,1.0,1.0,1.0,reject,True,31,0.4444444444444444
Qwen/Qwen3-32B,35ca3259034ea7d2,mohler,0.9231,0.8,1.0,1.0,1.0,silver,True,26,0.19999999999999996
Qwen/Qwen3-32B,4d3fef6bfa66400d,mohler,0.9667,0.9411764705882353,,1.0,,gold,False,30,
Qwen/Qwen3-32B,70ec4054bb7d1122,mohler,0.9259,0.8,1.0,,,silver,True,27,
Qwen/Qwen3-32B,9e874db9ec0697c5,mohler,0.9231,0.7777777777777778,1.0,1.0,1.0,bronze,True,26,0.2222222222222222
Qwen/Qwen3.5-27B,1c3a12552fbf25bd,mohler,0.931,0.75,1.0,1.0,1.0,bronze,True,29,0.25
Qwen/Qwen3.5-27B,1f2dcc9aa70c85d0,mohler,1.0,1.0,1.0,1.0,1.0,gold,False,27,0.0
Qwen/Qwen3.5-27B,1fcd40f40472d1fe,mohler,0.9667,0.875,1.0,1.0,1.0,silver,True,30,0.125
Qwen/Qwen3.5-27B,330c9e050d1cf143,mohler,0.8846,0.7777777777777778,1.0,0.8,1.0,bronze,True,26,0.2222222222222222
Qwen/Qwen3.5-27B,35ca3259034ea7d2,mohler,0.8846,0.7,1.0,1.0,1.0,bronze,True,26,0.30000000000000004
Qwen/Qwen3.5-27B,4d3fef6bfa66400d,mohler,1.0,1.0,,1.0,,gold,False,30,
Qwen/Qwen3.5-27B,51f7dbe67c51f4a7,mohler,0.8846,0.7777777777777778,1.0,0.875,1.0,bronze,True,26,0.2222222222222222
Qwen/Qwen3.5-27B,70ec4054bb7d1122,mohler,0.963,0.9,1.0,,,gold,False,27,
Qwen/Qwen3.5-27B,7587e573bc4d8985,mohler,0.8889,0.7142857142857143,0.8571428571428571,1.0,1.0,bronze,True,27,0.2857142857142857
Qwen/Qwen3.5-27B,77ccbf816d233fe0,mohler,0.963,0.8571428571428571,1.0,1.0,1.0,silver,True,27,0.1428571428571429
Qwen/Qwen3.5-27B,8a27032681c10a64,mohler,0.9667,0.9,1.0,1.0,1.0,gold,False,30,0.09999999999999998
Qwen/Qwen3.5-27B,8e345bcfe0086f24,mohler,1.0,1.0,1.0,1.0,,gold,False,28,
Qwen/Qwen3.5-27B,97b1d92e35ff895f,mohler,0.9655,0.9,1.0,1.0,1.0,gold,False,29,0.09999999999999998
Qwen/Qwen3.5-27B,9e874db9ec0697c5,mohler,0.8846,0.7777777777777778,0.75,1.0,1.0,bronze,True,26,0.2222222222222222
Qwen/Qwen3.5-27B,b49c559b7155e660,mohler,0.9,0.7272727272727273,1.0,1.0,1.0,bronze,True,30,0.2727272727272727
Qwen/Qwen3.5-27B,d3ee084a72db4565,mohler,1.0,1.0,1.0,1.0,,gold,False,28,
Qwen/Qwen3.5-27B,f298fb8dee2e0847,mohler,0.8889,0.5714285714285714,1.0,1.0,,reject,True,27,
Qwen/Qwen3.5-27B,fad5929228b8bc17,mohler,0.9286,0.9,0.75,1.0,1.0,gold,False,28,0.09999999999999998
Qwen/Qwen3.5-35B-A3B,1f2dcc9aa70c85d0,mohler,0.963,0.9090909090909091,1.0,1.0,1.0,gold,False,27,0.09090909090909094
Qwen/Qwen3.5-35B-A3B,1fcd40f40472d1fe,mohler,0.9,0.625,1.0,1.0,1.0,reject,True,30,0.375
Qwen/Qwen3.5-35B-A3B,4d3fef6bfa66400d,mohler,0.9,0.8235294117647058,,1.0,,silver,True,30,
Qwen/Qwen3.5-35B-A3B,70ec4054bb7d1122,mohler,0.963,0.9,1.0,,,gold,False,27,
Qwen/Qwen3.5-35B-A3B,77ccbf816d233fe0,mohler,0.8889,0.5714285714285714,1.0,1.0,1.0,reject,True,27,0.4285714285714286
Qwen/Qwen3.5-35B-A3B,8e345bcfe0086f24,mohler,0.9286,0.9090909090909091,0.8,1.0,,gold,False,28,
Qwen/Qwen3.5-9B,1c3a12552fbf25bd,mohler,0.8966,0.625,1.0,1.0,1.0,reject,True,29,0.375
Qwen/Qwen3.5-9B,1ed353a72ef2a4f8,mohler,0.8966,0.8,1.0,0.875,1.0,silver,True,29,0.19999999999999996
Qwen/Qwen3.5-9B,1f2dcc9aa70c85d0,mohler,1.0,1.0,1.0,1.0,1.0,gold,False,27,0.0
Qwen/Qwen3.5-9B,1fcd40f40472d1fe,mohler,0.9333,0.75,1.0,1.0,1.0,bronze,True,30,0.25
Qwen/Qwen3.5-9B,330c9e050d1cf143,mohler,0.9615,0.8888888888888888,1.0,1.0,1.0,silver,True,26,0.11111111111111116
Qwen/Qwen3.5-9B,35ca3259034ea7d2,mohler,0.9615,0.9,1.0,1.0,1.0,gold,False,26,0.09999999999999998
Qwen/Qwen3.5-9B,4a88ef16cda273bd,mohler,0.875,0.5,1.0,1.0,1.0,reject,True,24,0.5
Qwen/Qwen3.5-9B,4d3fef6bfa66400d,mohler,1.0,1.0,,1.0,,gold,False,30,
Qwen/Qwen3.5-9B,70ec4054bb7d1122,mohler,0.963,0.9,1.0,,,gold,False,27,
Qwen/Qwen3.5-9B,7587e573bc4d8985,mohler,0.963,0.8571428571428571,1.0,1.0,1.0,silver,True,27,0.1428571428571429
Qwen/Qwen3.5-9B,77ccbf816d233fe0,mohler,0.8889,0.5714285714285714,1.0,1.0,1.0,reject,True,27,0.4285714285714286
Qwen/Qwen3.5-9B,77d4c50016bebaab,mohler,0.9,0.6666666666666666,1.0,1.0,1.0,reject,True,30,0.33333333333333337
Qwen/Qwen3.5-9B,8a27032681c10a64,mohler,1.0,1.0,1.0,1.0,1.0,gold,False,30,0.0
Qwen/Qwen3.5-9B,8e345bcfe0086f24,mohler,0.9643,0.9090909090909091,1.0,1.0,,gold,False,28,
Qwen/Qwen3.5-9B,97b1d92e35ff895f,mohler,0.9655,0.9,1.0,1.0,1.0,gold,False,29,0.09999999999999998
Qwen/Qwen3.5-9B,ada2822620634947,mohler,0.8846,0.625,1.0,1.0,1.0,reject,True,26,0.375
Qwen/Qwen3.5-9B,d3ee084a72db4565,mohler,1.0,1.0,1.0,1.0,,gold,False,28,
Qwen/Qwen3.5-9B,d5c251c7c70f5f84,mohler,0.8846,0.5714285714285714,1.0,1.0,1.0,reject,True,26,0.4285714285714286
Qwen/Qwen3.5-9B,e16a2d9107f1fcea,mohler,0.9355,0.8888888888888888,0.8571428571428571,1.0,1.0,silver,True,31,0.11111111111111116
Qwen/Qwen3.5-9B,f298fb8dee2e0847,mohler,0.8889,0.5714285714285714,1.0,1.0,,reject,True,27,
Qwen/Qwen3.5-9B,fad5929228b8bc17,mohler,0.8929,0.9,0.5,1.0,1.0,gold,False,28,0.09999999999999998
RedHatAI/Llama-4-Scout-17B-16E-Instruct-quantized.w4a16,1c3a12552fbf25bd,mohler,0.9655,0.875,1.0,1.0,1.0,silver,True,29,0.125
RedHatAI/Llama-4-Scout-17B-16E-Instruct-quantized.w4a16,51f7dbe67c51f4a7,mohler,0.9231,0.7777777777777778,1.0,1.0,1.0,bronze,True,26,0.2222222222222222
RedHatAI/Llama-4-Scout-17B-16E-Instruct-quantized.w4a16,9e874db9ec0697c5,mohler,0.8846,0.6666666666666666,1.0,1.0,1.0,reject,True,26,0.33333333333333337
RedHatAI/Llama-4-Scout-17B-16E-Instruct-quantized.w4a16,e16a2d9107f1fcea,mohler,0.871,0.5555555555555556,1.0,1.0,1.0,reject,True,31,0.4444444444444444
google/gemma-3-27b-it,12a8db106cac744f,mohler,1.0,1.0,1.0,1.0,1.0,gold,False,26,0.0
google/gemma-3-27b-it,1c3a12552fbf25bd,mohler,0.9655,0.875,1.0,1.0,1.0,silver,True,29,0.125
google/gemma-3-27b-it,1f2dcc9aa70c85d0,mohler,0.9259,0.8181818181818182,1.0,1.0,1.0,silver,True,27,0.18181818181818177
google/gemma-3-27b-it,2e5b888611de7d6a,mohler,0.9667,0.9285714285714286,1.0,1.0,1.0,gold,False,30,0.0714285714285714
google/gemma-3-27b-it,330c9e050d1cf143,mohler,0.9615,0.8888888888888888,1.0,1.0,1.0,silver,True,26,0.11111111111111116
google/gemma-3-27b-it,35ca3259034ea7d2,mohler,1.0,1.0,1.0,1.0,1.0,gold,False,26,0.0
google/gemma-3-27b-it,3bb8265858f79804,mohler,0.875,0.5,1.0,1.0,1.0,reject,True,24,0.5
google/gemma-3-27b-it,4a88ef16cda273bd,mohler,0.875,0.6666666666666666,0.875,1.0,1.0,reject,True,24,0.33333333333333337
google/gemma-3-27b-it,4d3fef6bfa66400d,mohler,1.0,1.0,,1.0,,gold,False,30,
google/gemma-3-27b-it,70ec4054bb7d1122,mohler,1.0,1.0,1.0,,,gold,False,27,
google/gemma-3-27b-it,77ccbf816d233fe0,mohler,0.8889,0.5714285714285714,1.0,1.0,1.0,reject,True,27,0.4285714285714286
google/gemma-3-27b-it,7c58ffc50c51a296,mohler,1.0,1.0,1.0,1.0,1.0,gold,False,26,0.0
google/gemma-3-27b-it,80734a313aa7e552,mohler,0.8966,0.7,1.0,1.0,1.0,bronze,True,29,0.30000000000000004
google/gemma-3-27b-it,810d1c7d0c42272b,mohler,0.9667,0.9090909090909091,1.0,1.0,1.0,gold,False,30,0.09090909090909094
google/gemma-3-27b-it,8538fac0e49f5b07,mohler,0.9,0.7272727272727273,1.0,1.0,1.0,bronze,True,30,0.2727272727272727
google/gemma-3-27b-it,8e345bcfe0086f24,mohler,0.8929,0.8181818181818182,0.8,1.0,,silver,True,28,
google/gemma-3-27b-it,907da50e4ffda02e,mohler,0.9032,0.6666666666666666,1.0,1.0,1.0,reject,True,31,0.33333333333333337
google/gemma-3-27b-it,9e874db9ec0697c5,mohler,0.9615,1.0,0.75,1.0,1.0,gold,False,26,0.0
google/gemma-3-27b-it,9eaf4d9f8d103986,mohler,0.9032,0.625,1.0,1.0,,reject,True,31,
google/gemma-3-27b-it,a87634946e70966c,mohler,0.931,0.8,1.0,1.0,1.0,silver,True,29,0.19999999999999996
google/gemma-3-27b-it,ada2822620634947,mohler,0.9231,0.75,1.0,1.0,1.0,bronze,True,26,0.25
google/gemma-3-27b-it,b49c559b7155e660,mohler,0.9333,0.8181818181818182,1.0,1.0,1.0,silver,True,30,0.18181818181818177
google/gemma-3-27b-it,d3ee084a72db4565,mohler,0.9286,0.75,1.0,1.0,,bronze,True,28,
google/gemma-3-27b-it,d7a31d1b5701c7fe,mohler,0.871,0.6,1.0,1.0,1.0,reject,True,31,0.4
google/gemma-3-27b-it,e65ed48341cc5df1,mohler,0.9167,0.6666666666666666,1.0,1.0,1.0,reject,True,24,0.33333333333333337
google/gemma-3-27b-it,f298fb8dee2e0847,mohler,0.9259,0.7142857142857143,1.0,1.0,,bronze,True,27,
google/gemma-4-26B-A4B-it,12a8db106cac744f,mohler,0.9615,0.875,1.0,1.0,1.0,silver,True,26,0.125
google/gemma-4-26B-A4B-it,1c3a12552fbf25bd,mohler,0.931,0.75,1.0,1.0,1.0,bronze,True,29,0.25
google/gemma-4-26B-A4B-it,1f2dcc9aa70c85d0,mohler,0.963,0.9090909090909091,1.0,1.0,1.0,gold,False,27,0.09090909090909094
google/gemma-4-26B-A4B-it,1fcd40f40472d1fe,mohler,0.9667,0.875,1.0,1.0,1.0,silver,True,30,0.125
google/gemma-4-26B-A4B-it,330c9e050d1cf143,mohler,0.9231,0.8888888888888888,1.0,0.8,1.0,silver,True,26,0.11111111111111116
google/gemma-4-26B-A4B-it,35ca3259034ea7d2,mohler,0.8846,0.7,1.0,1.0,1.0,bronze,True,26,0.30000000000000004
google/gemma-4-26B-A4B-it,4a88ef16cda273bd,mohler,0.9167,0.6666666666666666,1.0,1.0,1.0,reject,True,24,0.33333333333333337
google/gemma-4-26B-A4B-it,4d3fef6bfa66400d,mohler,1.0,1.0,,1.0,,gold,False,30,
google/gemma-4-26B-A4B-it,552c6e9282a6a03e,mohler,0.8889,0.625,1.0,1.0,1.0,reject,True,27,0.375
google/gemma-4-26B-A4B-it,70ec4054bb7d1122,mohler,1.0,1.0,1.0,,,gold,False,27,
google/gemma-4-26B-A4B-it,7587e573bc4d8985,mohler,0.9259,0.8571428571428571,0.8571428571428571,1.0,1.0,silver,True,27,0.1428571428571429
google/gemma-4-26B-A4B-it,77ccbf816d233fe0,mohler,0.963,0.8571428571428571,1.0,1.0,1.0,silver,True,27,0.1428571428571429
google/gemma-4-26B-A4B-it,77d4c50016bebaab,mohler,0.9,0.6666666666666666,1.0,1.0,1.0,reject,True,30,0.33333333333333337
google/gemma-4-26B-A4B-it,8538fac0e49f5b07,mohler,0.9333,0.8181818181818182,1.0,1.0,1.0,silver,True,30,0.18181818181818177
google/gemma-4-26B-A4B-it,8a27032681c10a64,mohler,0.9333,0.8,1.0,1.0,1.0,silver,True,30,0.19999999999999996
google/gemma-4-26B-A4B-it,8e345bcfe0086f24,mohler,0.8929,0.8181818181818182,0.8,1.0,,silver,True,28,
google/gemma-4-26B-A4B-it,9e874db9ec0697c5,mohler,0.8846,0.7777777777777778,0.75,1.0,1.0,bronze,True,26,0.2222222222222222
google/gemma-4-26B-A4B-it,9eaf4d9f8d103986,mohler,0.871,0.625,0.875,1.0,,reject,True,31,
google/gemma-4-26B-A4B-it,d3ee084a72db4565,mohler,0.8929,0.625,1.0,1.0,,reject,True,28,
google/gemma-4-26B-A4B-it,f298fb8dee2e0847,mohler,0.9259,0.7142857142857143,1.0,1.0,,bronze,True,27,
google/gemma-4-26B-A4B-it,fad5929228b8bc17,mohler,1.0,1.0,1.0,1.0,1.0,gold,False,28,0.0
google/gemma-4-31B-it,1f2dcc9aa70c85d0,mohler,1.0,1.0,1.0,1.0,1.0,gold,False,27,0.0
google/gemma-4-31B-it,1fcd40f40472d1fe,mohler,0.9333,0.75,1.0,1.0,1.0,bronze,True,30,0.25
google/gemma-4-31B-it,330c9e050d1cf143,mohler,0.8846,0.7777777777777778,1.0,0.8,1.0,bronze,True,26,0.2222222222222222
google/gemma-4-31B-it,35ca3259034ea7d2,mohler,0.8846,0.7,1.0,1.0,1.0,bronze,True,26,0.30000000000000004
google/gemma-4-31B-it,4d3fef6bfa66400d,mohler,0.9667,0.9411764705882353,,1.0,,gold,False,30,
google/gemma-4-31B-it,70ec4054bb7d1122,mohler,0.963,0.9,1.0,,,gold,False,27,
google/gemma-4-31B-it,7587e573bc4d8985,mohler,0.9259,0.8571428571428571,0.8571428571428571,1.0,1.0,silver,True,27,0.1428571428571429
google/gemma-4-31B-it,77ccbf816d233fe0,mohler,0.963,0.8571428571428571,1.0,1.0,1.0,silver,True,27,0.1428571428571429
google/gemma-4-31B-it,fad5929228b8bc17,mohler,0.9286,0.9,0.75,1.0,1.0,gold,False,28,0.09999999999999998
microsoft/phi-4,12a8db106cac744f,mohler,0.8846,0.75,1.0,0.8571428571428571,1.0,bronze,True,26,0.25
microsoft/phi-4,1c3a12552fbf25bd,mohler,0.9655,0.875,1.0,1.0,1.0,silver,True,29,0.125
microsoft/phi-4,1f2dcc9aa70c85d0,mohler,0.963,0.9090909090909091,1.0,1.0,1.0,gold,False,27,0.09090909090909094
microsoft/phi-4,1fcd40f40472d1fe,mohler,0.9333,0.75,1.0,1.0,1.0,bronze,True,30,0.25
microsoft/phi-4,330c9e050d1cf143,mohler,0.8846,0.6666666666666666,1.0,1.0,1.0,reject,True,26,0.33333333333333337
microsoft/phi-4,35ca3259034ea7d2,mohler,0.9231,0.8,1.0,1.0,1.0,silver,True,26,0.19999999999999996
microsoft/phi-4,3bb8265858f79804,mohler,0.875,0.5,1.0,1.0,1.0,reject,True,24,0.5
microsoft/phi-4,4d3fef6bfa66400d,mohler,1.0,1.0,,1.0,,gold,False,30,
microsoft/phi-4,70ec4054bb7d1122,mohler,0.963,0.9,1.0,,,gold,False,27,
microsoft/phi-4,8538fac0e49f5b07,mohler,0.9,0.7272727272727273,1.0,1.0,1.0,bronze,True,30,0.2727272727272727
microsoft/phi-4,8a27032681c10a64,mohler,0.9,0.7,1.0,1.0,1.0,bronze,True,30,0.30000000000000004
microsoft/phi-4,97b1d92e35ff895f,mohler,0.8966,0.8,0.8571428571428571,1.0,1.0,silver,True,29,0.19999999999999996
microsoft/phi-4,d3ee084a72db4565,mohler,0.8929,0.625,1.0,1.0,,reject,True,28,
microsoft/phi-4,e16a2d9107f1fcea,mohler,0.871,0.5555555555555556,1.0,1.0,1.0,reject,True,31,0.4444444444444444
microsoft/phi-4,f298fb8dee2e0847,mohler,0.8889,0.5714285714285714,1.0,1.0,,reject,True,27,
mistralai/Mistral-Small-24B-Instruct-2501,4d3fef6bfa66400d,mohler,0.9333,0.8823529411764706,,1.0,,silver,True,30,
mistralai/Mistral-Small-24B-Instruct-2501,70ec4054bb7d1122,mohler,0.9259,0.9,0.9333333333333333,,,gold,False,27,
